Workbook

Sheet fact_events
A1: event_id | B1: store_id | C1: campaign_id | D1: product_code | E1: base_price | F1: promo_type | G1: quantity_sold(before_promo) | H1: quantity_sold(after_promo) | I1: Campaign_Name | J1: Promo Impact (%) | K1: Sales Amount | L1: City
A2: 7f650b | B2: STCBE-2 | C2: CAMP_SAN_01 | D2: P11 | E2: 190 | F2: 50% OFF | G2: 34 | H2: 52 | I2: =_xlfn.XLOOKUP($C2,dim_campaigns!$D$2:$D$3,dim_campaigns!$A$2:$A$3,"",0) -> Sankranti | J2: =IFERROR((H2-G2)/G2,0) -> 0.52941176 | K2: =E2*G2+(E2-IF(F2="500 Cashback",500,IF(F2="BOGOF",E2*50%,IF(F2="25% OFF",E2*25%,IF(F2="33% OFF",E2*33%,IF(F2="50% OFF",E2*50%,0))))))*H2 -> 11400 | L2: =VLOOKUP($B2,dim_stores!$A$1:$C$51,2,0) -> Coimbatore
A3: a21f91 | B3: STBLR-8 | C3: CAMP_DIW_01 | D3: P03 | E3: 156 | F3: 25% OFF | G3: 393 | H3: 322 | I3: =_xlfn.XLOOKUP($C3,dim_campaigns!$D$2:$D$3,dim_campaigns!$A$2:$A$3,"",0) -> Diwali | J3: =IFERROR((H3-G3)/G3,0) -> -0.18066158 | K3: =E3*G3+(E3-IF(F3="500 Cashback",500,IF(F3="BOGOF",E3*50%,IF(F3="25% OFF",E3*25%,IF(F3="33% OFF",E3*33%,IF(F3="50% OFF",E3*50%,0))))))*H3 -> 98982 | L3: =VLOOKUP($B3,dim_stores!$A$1:$C$51,2,0) -> Bengaluru
A4: 78bc80 | B4: STVJD-0 | C4: CAMP_SAN_01 | D4: P07 | E4: 300 | F4: BOGOF | G4: 22 | H4: 85 | I4: =_xlfn.XLOOKUP($C4,dim_campaigns!$D$2:$D$3,dim_campaigns!$A$2:$A$3,"",0) -> Sankranti | J4: =IFERROR((H4-G4)/G4,0) -> 2.8636364 | K4: =E4*G4+(E4-IF(F4="500 Cashback",500,IF(F4="BOGOF",E4*50%,IF(F4="25% OFF",E4*25%,IF(F4="33% OFF",E4*33%,IF(F4="50% OFF",E4*50%,0))))))*H4 -> 19350 | L4: =VLOOKUP($B4,dim_stores!$A$1:$C$51,2,0) -> Vijayawada
A5: a1503f | B5: STCBE-1 | C5: CAMP_DIW_01 | D5: P15 | E5: 3000 | F5: 500 Cashback | G5: 329 | H5: 1000 | I5: =_xlfn.XLOOKUP($C5,dim_campaigns!$D$2:$D$3,dim_campaigns!$A$2:$A$3,"",0) -> Diwali | J5: =IFERROR((H5-G5)/G5,0) -> 2.0395137 | K5: =E5*G5+(E5-IF(F5="500 Cashback",500,IF(F5="BOGOF",E5*50%,IF(F5="25% OFF",E5*25%,IF(F5="33% OFF",E5*33%,IF(F5="50% OFF",E5*50%,0))))))*H5 -> 3487000 | L5: =VLOOKUP($B5,dim_stores!$A$1:$C$51,2,0) -> Coimbatore
A6: 1091cf | B6: STBLR-6 | C6: CAMP_DIW_01 | D6: P05 | E6: 55 | F6: 25% OFF | G6: 108 | H6: 93 | I6: =_xlfn.XLOOKUP($C6,dim_campaigns!$D$2:$D$3,dim_campaigns!$A$2:$A$3,"",0) -> Diwali | J6: =IFERROR((H6-G6)/G6,0) -> -0.13888889 | K6: =E6*G6+(E6-IF(F6="500 Cashback",500,IF(F6="BOGOF",E6*50%,IF(F6="25% OFF",E6*25%,IF(F6="33% OFF",E6*33%,IF(F6="50% OFF",E6*50%,0))))))*H6 -> 9776.25 | L6: =VLOOKUP($B6,dim_stores!$A$1:$C$51,2,0) -> Bengaluru
A7: 8.02e+96 | B7: STBLR-4 | C7: CAMP_DIW_01 | D7: P11 | E7: 190 | F7: 50% OFF | G7: 91 | H7: 116 | I7: =_xlfn.XLOOKUP($C7,dim_campaigns!$D$2:$D$3,dim_campaigns!$A$2:$A$3,"",0) -> Diwali | J7: =IFERROR((H7-G7)/G7,0) -> 0.27472527 | K7: =E7*G7+(E7-IF(F7="500 Cashback",500,IF(F7="BOGOF",E7*50%,IF(F7="25% OFF",E7*25%,IF(F7="33% OFF",E7*33%,IF(F7="50% OFF",E7*50%,0))))))*H7 -> 28310 | L7: =VLOOKUP($B7,dim_stores!$A$1:$C$51,2,0) -> Bengaluru
A8: 73d86f | B8: STVSK-2 | C8: CAMP_SAN_01 | D8: P10 | E8: 50 | F8: 25% OFF | G8: 31 | H8: 26 | I8: =_xlfn.XLOOKUP($C8,dim_campaigns!$D$2:$D$3,dim_campaigns!$A$2:$A$3,"",0) -> Sankranti | J8: =IFERROR((H8-G8)/G8,0) -> -0.16129032 | K8: =E8*G8+(E8-IF(F8="500 Cashback",500,IF(F8="BOGOF",E8*50%,IF(F8="25% OFF",E8*25%,IF(F8="33% OFF",E8*33%,IF(F8="50% OFF",E8*50%,0))))))*H8 -> 2525 | L8: =VLOOKUP($B8,dim_stores!$A$1:$C$51,2,0) -> Visakhapatnam
A9: fe3560 | B9: STHYD-4 | C9: CAMP_DIW_01 | D9: P13 | E9: 350 | F9: BOGOF | G9: 73 | H9: 245 | I9: =_xlfn.XLOOKUP($C9,dim_campaigns!$D$2:$D$3,dim_campaigns!$A$2:$A$3,"",0) -> Diwali | J9: =IFERROR((H9-G9)/G9,0) -> 2.3561644 | K9: =E9*G9+(E9-IF(F9="500 Cashback",500,IF(F9="BOGOF",E9*50%,IF(F9="25% OFF",E9*25%,IF(F9="33% OFF",E9*33%,IF(F9="50% OFF",E9*50%,0))))))*H9 -> 68425 | L9: =VLOOKUP($B9,dim_stores!$A$1:$C$51,2,0) -> Hyderabad
A10: 6b2afc | B10: STCBE-4 | C10: CAMP_SAN_01 | D10: P08 | E10: 1190 | F10: BOGOF | G10: 30 | H10: 79 | I10: =_xlfn.XLOOKUP($C10,dim_campaigns!$D$2:$D$3,dim_campaigns!$A$2:$A$3,"",0) -> Sankranti | J10: =IFERROR((H10-G10)/G10,0) -> 1.6333333 | K10: =E10*G10+(E10-IF(F10="500 Cashback",500,IF(F10="BOGOF",E10*50%,IF(F10="25% OFF",E10*25%,IF(F10="33% OFF",E10*33%,IF(F10="50% OFF",E10*50%,0))))))*H10 -> 82705 | L10: =VLOOKUP($B10,dim_stores!$A$1:$C$51,2,0) -> Coimbatore
A11: ce5851 | B11: STMDU-2 | C11: CAMP_SAN_01 | D11: P03 | E11: 200 | F11: BOGOF | G11: 318 | H11: 1265 | I11: =_xlfn.XLOOKUP($C11,dim_campaigns!$D$2:$D$3,dim_campaigns!$A$2:$A$3,"",0) -> Sankranti | J11: =IFERROR((H11-G11)/G11,0) -> 2.9779874 | K11: =E11*G11+(E11-IF(F11="500 Cashback",500,IF(F11="BOGOF",E11*50%,IF(F11="25% OFF",E11*25%,IF(F11="33% OFF",E11*33%,IF(F11="50% OFF",E11*50%,0))))))*H11 -> 190100 | L11: =VLOOKUP($B11,dim_stores!$A$1:$C$51,2,0) -> Madurai
A12: dd6685 | B12: STMYS-2 | C12: CAMP_DIW_01 | D12: P06 | E12: 415 | F12: 25% OFF | G12: 78 | H12: 70 | I12: =_xlfn.XLOOKUP($C12,dim_campaigns!$D$2:$D$3,dim_campaigns!$A$2:$A$3,"",0) -> Diwali | J12: =IFERROR((H12-G12)/G12,0) -> -0.1025641 | K12: =E12*G12+(E12-IF(F12="500 Cashback",500,IF(F12="BOGOF",E12*50%,IF(F12="25% OFF",E12*25%,IF(F12="33% OFF",E12*33%,IF(F12="50% OFF",E12*50%,0))))))*H12 -> 54157.5 | L12: =VLOOKUP($B12,dim_stores!$A$1:$C$51,2,0) -> Mysuru
A13: 8f25a6 | B13: STHYD-6 | C13: CAMP_SAN_01 | D13: P15 | E13: 3000 | F13: 500 Cashback | G13: 126 | H13: 302 | I13: =_xlfn.XLOOKUP($C13,dim_campaigns!$D$2:$D$3,dim_campaigns!$A$2:$A$3,"",0) -> Sankranti | J13: =IFERROR((H13-G13)/G13,0) -> 1.3968254 | K13: =E13*G13+(E13-IF(F13="500 Cashback",500,IF(F13="BOGOF",E13*50%,IF(F13="25% OFF",E13*25%,IF(F13="33% OFF",E13*33%,IF(F13="50% OFF",E13*50%,0))))))*H13 -> 1133000 | L13: =VLOOKUP($B13,dim_stores!$A$1:$C$51,2,0) -> Hyderabad
A14: 5c3c33 | B14: STCHE-6 | C14: CAMP_DIW_01 | D14: P12 | E14: 62 | F14: 50% OFF | G14: 154 | H14: 207 | I14: =_xlfn.XLOOKUP($C14,dim_campaigns!$D$2:$D$3,dim_campaigns!$A$2:$A$3,"",0) -> Diwali | J14: =IFERROR((H14-G14)/G14,0) -> 0.34415584 | K14: =E14*G14+(E14-IF(F14="500 Cashback",500,IF(F14="BOGOF",E14*50%,IF(F14="25% OFF",E14*25%,IF(F14="33% OFF",E14*33%,IF(F14="50% OFF",E14*50%,0))))))*H14 -> 15965 | L14: =VLOOKUP($B14,dim_stores!$A$1:$C$51,2,0) -> Chennai
A15: d290a1 | B15: STBLR-3 | C15: CAMP_DIW_01 | D15: P04 | E15: 290 | F15: 25% OFF | G15: 343 | H15: 270 | I15: =_xlfn.XLOOKUP($C15,dim_campaigns!$D$2:$D$3,dim_campaigns!$A$2:$A$3,"",0) -> Diwali | J15: =IFERROR((H15-G15)/G15,0) -> -0.21282799 | K15: =E15*G15+(E15-IF(F15="500 Cashback",500,IF(F15="BOGOF",E15*50%,IF(F15="25% OFF",E15*25%,IF(F15="33% OFF",E15*33%,IF(F15="50% OFF",E15*50%,0))))))*H15 -> 158195 | L15: =VLOOKUP($B15,dim_stores!$A$1:$C$51,2,0) -> Bengaluru
A16: 635862 | B16: STVSK-4 | C16: CAMP_SAN_01 | D16: P02 | E16: 860 | F16: 33% OFF | G16: 348 | H16: 480 | I16: =_xlfn.XLOOKUP($C16,dim_campaigns!$D$2:$D$3,dim_campaigns!$A$2:$A$3,"",0) -> Sankranti | J16: =IFERROR((H16-G16)/G16,0) -> 0.37931034 | K16: =E16*G16+(E16-IF(F16="500 Cashback",500,IF(F16="BOGOF",E16*50%,IF(F16="25% OFF",E16*25%,IF(F16="33% OFF",E16*33%,IF(F16="50% OFF",E16*50%,0))))))*H16 -> 575856 | L16: =VLOOKUP($B16,dim_stores!$A$1:$C$51,2,0) -> Visakhapatnam
A17: c0ecb5 | B17: STCHE-2 | C17: CAMP_SAN_01 | D17: P07 | E17: 300 | F17: BOGOF | G17: 43 | H17: 167 | I17: =_xlfn.XLOOKUP($C17,dim_campaigns!$D$2:$D$3,dim_campaigns!$A$2:$A$3,"",0) -> Sankranti | J17: =IFERROR((H17-G17)/G17,0) -> 2.8837209 | K17: =E17*G17+(E17-IF(F17="500 Cashback",500,IF(F17="BOGOF",E17*50%,IF(F17="25% OFF",E17*25%,IF(F17="33% OFF",E17*33%,IF(F17="50% OFF",E17*50%,0))))))*H17 -> 37950 | L17: =VLOOKUP($B17,dim_stores!$A$1:$C$51,2,0) -> Chennai
A18: 182caa | B18: STCHE-5 | C18: CAMP_SAN_01 | D18: P06 | E18: 415 | F18: 25% OFF | G18: 39 | H18: 33 | I18: =_xlfn.XLOOKUP($C18,dim_campaigns!$D$2:$D$3,dim_campaigns!$A$2:$A$3,"",0) -> Sankranti | J18: =IFERROR((H18-G18)/G18,0) -> -0.15384615 | K18: =E18*G18+(E18-IF(F18="500 Cashback",500,IF(F18="BOGOF",E18*50%,IF(F18="25% OFF",E18*25%,IF(F18="33% OFF",E18*33%,IF(F18="50% OFF",E18*50%,0))))))*H18 -> 26456.25 | L18: =VLOOKUP($B18,dim_stores!$A$1:$C$51,2,0) -> Chennai
A19: c4db5b | B19: STTRV-0 | C19: CAMP_DIW_01 | D19: P01 | E19: 172 | F19: 33% OFF | G19: 164 | H19: 236 | I19: =_xlfn.XLOOKUP($C19,dim_campaigns!$D$2:$D$3,dim_campaigns!$A$2:$A$3,"",0) -> Diwali | J19: =IFERROR((H19-G19)/G19,0) -> 0.43902439 | K19: =E19*G19+(E19-IF(F19="500 Cashback",500,IF(F19="BOGOF",E19*50%,IF(F19="25% OFF",E19*25%,IF(F19="33% OFF",E19*33%,IF(F19="50% OFF",E19*50%,0))))))*H19 -> 55404.64 | L19: =VLOOKUP($B19,dim_stores!$A$1:$C$51,2,0) -> Trivandrum
A20: 94f48c | B20: STVSK-1 | C20: CAMP_SAN_01 | D20: P06 | E20: 415 | F20: 25% OFF | G20: 22 | H20: 16 | I20: =_xlfn.XLOOKUP($C20,dim_campaigns!$D$2:$D$3,dim_campaigns!$A$2:$A$3,"",0) -> Sankranti | J20: =IFERROR((H20-G20)/G20,0) -> -0.27272727 | K20: =E20*G20+(E20-IF(F20="500 Cashback",500,IF(F20="BOGOF",E20*50%,IF(F20="25% OFF",E20*25%,IF(F20="33% OFF",E20*33%,IF(F20="50% OFF",E20*50%,0))))))*H20 -> 14110 | L20: =VLOOKUP($B20,dim_stores!$A$1:$C$51,2,0) -> Visakhapatnam
A21: 7ef92f | B21: STHYD-5 | C21: CAMP_SAN_01 | D21: P07 | E21: 300 | F21: BOGOF | G21: 55 | H21: 213 | I21: =_xlfn.XLOOKUP($C21,dim_campaigns!$D$2:$D$3,dim_campaigns!$A$2:$A$3,"",0) -> Sankranti | J21: =IFERROR((H21-G21)/G21,0) -> 2.8727273 | K21: =E21*G21+(E21-IF(F21="500 Cashback",500,IF(F21="BOGOF",E21*50%,IF(F21="25% OFF",E21*25%,IF(F21="33% OFF",E21*33%,IF(F21="50% OFF",E21*50%,0))))))*H21 -> 48450 | L21: =VLOOKUP($B21,dim_stores!$A$1:$C$51,2,0) -> Hyderabad
A22: 0f422c | B22: STBLR-0 | C22: CAMP_DIW_01 | D22: P14 | E22: 1020 | F22: BOGOF | G22: 42 | H22: 168 | I22: =_xlfn.XLOOKUP($C22,dim_campaigns!$D$2:$D$3,dim_campaigns!$A$2:$A$3,"",0) -> Diwali | J22: =IFERROR((H22-G22)/G22,0) -> 3 | K22: =E22*G22+(E22-IF(F22="500 Cashback",500,IF(F22="BOGOF",E22*50%,IF(F22="25% OFF",E22*25%,IF(F22="33% OFF",E22*33%,IF(F22="50% OFF",E22*50%,0))))))*H22 -> 128520 | L22: =VLOOKUP($B22,dim_stores!$A$1:$C$51,2,0) -> Bengaluru
A23: 1e9a06 | B23: STCHE-4 | C23: CAMP_DIW_01 | D23: P13 | E23: 350 | F23: BOGOF | G23: 84 | H23: 338 | I23: =_xlfn.XLOOKUP($C23,dim_campaigns!$D$2:$D$3,dim_campaigns!$A$2:$A$3,"",0) -> Diwali | J23: =IFERROR((H23-G23)/G23,0) -> 3.0238095 | K23: =E23*G23+(E23-IF(F23="500 Cashback",500,IF(F23="BOGOF",E23*50%,IF(F23="25% OFF",E23*25%,IF(F23="33% OFF",E23*33%,IF(F23="50% OFF",E23*50%,0))))))*H23 -> 88550 | L23: =VLOOKUP($B23,dim_stores!$A$1:$C$51,2,0) -> Chennai
A24: 02ebe9 | B24: STBLR-8 | C24: CAMP_DIW_01 | D24: P11 | E24: 190 | F24: 50% OFF | G24: 66 | H24: 88 | I24: =_xlfn.XLOOKUP($C24,dim_campaigns!$D$2:$D$3,dim_campaigns!$A$2:$A$3,"",0) -> Diwali | J24: =IFERROR((H24-G24)/G24,0) -> 0.33333333 | K24: =E24*G24+(E24-IF(F24="500 Cashback",500,IF(F24="BOGOF",E24*50%,IF(F24="25% OFF",E24*25%,IF(F24="33% OFF",E24*33%,IF(F24="50% OFF",E24*50%,0))))))*H24 -> 20900 | L24: =VLOOKUP($B24,dim_stores!$A$1:$C$51,2,0) -> Bengaluru
A25: 260ff2 | B25: STMYS-2 | C25: CAMP_SAN_01 | D25: P01 | E25: 172 | F25: 33% OFF | G25: 204 | H25: 291 | I25: =_xlfn.XLOOKUP($C25,dim_campaigns!$D$2:$D$3,dim_campaigns!$A$2:$A$3,"",0) -> Sankranti | J25: =IFERROR((H25-G25)/G25,0) -> 0.42647059 | K25: =E25*G25+(E25-IF(F25="500 Cashback",500,IF(F25="BOGOF",E25*50%,IF(F25="25% OFF",E25*25%,IF(F25="33% OFF",E25*33%,IF(F25="50% OFF",E25*50%,0))))))*H25 -> 68622.84 | L25: =VLOOKUP($B25,dim_stores!$A$1:$C$51,2,0) -> Mysuru
A26: 7fc923 | B26: STTRV-0 | C26: CAMP_SAN_01 | D26: P08 | E26: 1190 | F26: BOGOF | G26: 19 | H26: 74 | I26: =_xlfn.XLOOKUP($C26,dim_campaigns!$D$2:$D$3,dim_campaigns!$A$2:$A$3,"",0) -> Sankranti | J26: =IFERROR((H26-G26)/G26,0) -> 2.8947368 | K26: =E26*G26+(E26-IF(F26="500 Cashback",500,IF(F26="BOGOF",E26*50%,IF(F26="25% OFF",E26*25%,IF(F26="33% OFF",E26*33%,IF(F26="50% OFF",E26*50%,0))))))*H26 -> 66640 | L26: =VLOOKUP($B26,dim_stores!$A$1:$C$51,2,0) -> Trivandrum
A27: b08c12 | B27: STMDU-3 | C27: CAMP_DIW_01 | D27: P03 | E27: 156 | F27: 25% OFF | G27: 227 | H27: 202 | I27: =_xlfn.XLOOKUP($C27,dim_campaigns!$D$2:$D$3,dim_campaigns!$A$2:$A$3,"",0) -> Diwali | J27: =IFERROR((H27-G27)/G27,0) -> -0.11013216 | K27: =E27*G27+(E27-IF(F27="500 Cashback",500,IF(F27="BOGOF",E27*50%,IF(F27="25% OFF",E27*25%,IF(F27="33% OFF",E27*33%,IF(F27="50% OFF",E27*50%,0))))))*H27 -> 59046 | L27: =VLOOKUP($B27,dim_stores!$A$1:$C$51,2,0) -> Madurai
A28: ca7298 | B28: STCBE-2 | C28: CAMP_SAN_01 | D28: P15 | E28: 3000 | F28: 500 Cashback | G28: 85 | H28: 228 | I28: =_xlfn.XLOOKUP($C28,dim_campaigns!$D$2:$D$3,dim_campaigns!$A$2:$A$3,"",0) -> Sankranti | J28: =IFERROR((H28-G28)/G28,0) -> 1.6823529 | K28: =E28*G28+(E28-IF(F28="500 Cashback",500,IF(F28="BOGOF",E28*50%,IF(F28="25% OFF",E28*25%,IF(F28="33% OFF",E28*33%,IF(F28="50% OFF",E28*50%,0))))))*H28 -> 825000 | L28: =VLOOKUP($B28,dim_stores!$A$1:$C$51,2,0) -> Coimbatore
... A39: 292ca5 | B39: STHYD-2 | C39: CAMP_DIW_01 | D39: P04 | E39: 290 | F39: 25% OFF | G39: 287 | H39: 220 | I39: =_xlfn.XLOOKUP($C39,dim_campaigns!$D$2:$D$3,dim_campaigns!$A$2:$A$3,"",0) -> Diwali | J39: =IFERROR((H39-G39)/G39,0) -> -0.23344948 | K39: =E39*G39+(E39-IF(F39="500 Cashback",500,IF(F39="BOGOF",E39*50%,IF(F39="25% OFF",E39*25%,IF(F39="33% OFF",E39*33%,IF(F39="50% OFF",E39*50%,0))))))*H39 -> 131080 | L39: =VLOOKUP($B39,dim_stores!$A$1:$C$51,2,0) -> Hyderabad
A40: 620715 | B40: STMYS-3 | C40: CAMP_SAN_01 | D40: P03 | E40: 200 | F40: BOGOF | G40: 340 | H40: 1485 | I40: =_xlfn.XLOOKUP($C40,dim_campaigns!$D$2:$D$3,dim_campaigns!$A$2:$A$3,"",0) -> Sankranti | J40: =IFERROR((H40-G40)/G40,0) -> 3.3676471 | K40: =E40*G40+(E40-IF(F40="500 Cashback",500,IF(F40="BOGOF",E40*50%,IF(F40="25% OFF",E40*25%,IF(F40="33% OFF",E40*33%,IF(F40="50% OFF",E40*50%,0))))))*H40 -> 216500 | L40: =VLOOKUP($B40,dim_stores!$A$1:$C$51,2,0) -> Mysuru
A41: 7e9777 | B41: STVJD-1 | C41: CAMP_DIW_01 | D41: P08 | E41: 1190 | F41: BOGOF | G41: 24 | H41: 82 | I41: =_xlfn.XLOOKUP($C41,dim_campaigns!$D$2:$D$3,dim_campaigns!$A$2:$A$3,"",0) -> Diwali | J41: =IFERROR((H41-G41)/G41,0) -> 2.4166667 | K41: =E41*G41+(E41-IF(F41="500 Cashback",500,IF(F41="BOGOF",E41*50%,IF(F41="25% OFF",E41*25%,IF(F41="33% OFF",E41*33%,IF(F41="50% OFF",E41*50%,0))))))*H41 -> 77350 | L41: =VLOOKUP($B41,dim_stores!$A$1:$C$51,2,0) -> Vijayawada
A42: 761785 | B42: STBLR-4 | C42: CAMP_SAN_01 | D42: P14 | E42: 1020 | F42: BOGOF | G42: 121 | H42: 474 | I42: =_xlfn.XLOOKUP($C42,dim_campaigns!$D$2:$D$3,dim_campaigns!$A$2:$A$3,"",0) -> Sankranti | J42: =IFERROR((H42-G42)/G42,0) -> 2.9173554 | K42: =E42*G42+(E42-IF(F42="500 Cashback",500,IF(F42="BOGOF",E42*50%,IF(F42="25% OFF",E42*25%,IF(F42="33% OFF",E42*33%,IF(F42="50% OFF",E42*50%,0))))))*H42 -> 365160 | L42: =VLOOKUP($B42,dim_stores!$A$1:$C$51,2,0) -> Bengaluru
A43: eb3bea | B43: STVSK-2 | C43: CAMP_SAN_01 | D43: P15 | E43: 3000 | F43: 500 Cashback | G43: 109 | H43: 238 | I43: =_xlfn.XLOOKUP($C43,dim_campaigns!$D$2:$D$3,dim_campaigns!$A$2:$A$3,"",0) -> Sankranti | J43: =IFERROR((H43-G43)/G43,0) -> 1.1834862 | K43: =E43*G43+(E43-IF(F43="500 Cashback",500,IF(F43="BOGOF",E43*50%,IF(F43="25% OFF",E43*25%,IF(F43="33% OFF",E43*33%,IF(F43="50% OFF",E43*50%,0))))))*H43 -> 922000 | L43: =VLOOKUP($B43,dim_stores!$A$1:$C$51,2,0) -> Visakhapatnam
A44: 276150 | B44: STCBE-3 | C44: CAMP_SAN_01 | D44: P07 | E44: 300 | F44: BOGOF | G44: 33 | H44: 128 | I44: =_xlfn.XLOOKUP($C44,dim_campaigns!$D$2:$D$3,dim_campaigns!$A$2:$A$3,"",0) -> Sankranti | J44: =IFERROR((H44-G44)/G44,0) -> 2.8787879 | K44: =E44*G44+(E44-IF(F44="500 Cashback",500,IF(F44="BOGOF",E44*50%,IF(F44="25% OFF",E44*25%,IF(F44="33% OFF",E44*33%,IF(F44="50% OFF",E44*50%,0))))))*H44 -> 29100 | L44: =VLOOKUP($B44,dim_stores!$A$1:$C$51,2,0) -> Coimbatore
A45: 3beb46 | B45: STMYS-2 | C45: CAMP_SAN_01 | D45: P13 | E45: 350 | F45: BOGOF | G45: 81 | H45: 208 | I45: =_xlfn.XLOOKUP($C45,dim_campaigns!$D$2:$D$3,dim_campaigns!$A$2:$A$3,"",0) -> Sankranti | J45: =IFERROR((H45-G45)/G45,0) -> 1.5679012 | K45: =E45*G45+(E45-IF(F45="500 Cashback",500,IF(F45="BOGOF",E45*50%,IF(F45="25% OFF",E45*25%,IF(F45="33% OFF",E45*33%,IF(F45="50% OFF",E45*50%,0))))))*H45 -> 64750 | L45: =VLOOKUP($B45,dim_stores!$A$1:$C$51,2,0) -> Mysuru
A46: 47af00 | B46: STVJD-1 | C46: CAMP_DIW_01 | D46: P03 | E46: 156 | F46: 25% OFF | G46: 183 | H46: 150 | I46: =_xlfn.XLOOKUP($C46,dim_campaigns!$D$2:$D$3,dim_campaigns!$A$2:$A$3,"",0) -> Diwali | J46: =IFERROR((H46-G46)/G46,0) -> -0.18032787 | K46: =E46*G46+(E46-IF(F46="500 Cashback",500,IF(F46="BOGOF",E46*50%,IF(F46="25% OFF",E46*25%,IF(F46="33% OFF",E46*33%,IF(F46="50% OFF",E46*50%,0))))))*H46 -> 46098 | L46: =VLOOKUP($B46,dim_stores!$A$1:$C$51,2,0) -> Vijayawada
A47: 627200 | B47: STCBE-4 | C47: CAMP_DIW_01 | D47: P14 | E47: 1020 | F47: BOGOF | G47: 36 | H47: 111 | I47: =_xlfn.XLOOKUP($C47,dim_campaigns!$D$2:$D$3,dim_campaigns!$A$2:$A$3,"",0) -> Diwali | J47: =IFERROR((H47-G47)/G47,0) -> 2.0833333 | K47: =E47*G47+(E47-IF(F47="500 Cashback",500,IF(F47="BOGOF",E47*50%,IF(F47="25% OFF",E47*25%,IF(F47="33% OFF",E47*33%,IF(F47="50% OFF",E47*50%,0))))))*H47 -> 93330 | L47: =VLOOKUP($B47,dim_stores!$A$1:$C$51,2,0) -> Coimbatore
A48: bc8315 | B48: STHYD-1 | C48: CAMP_DIW_01 | D48: P12 | E48: 62 | F48: 50% OFF | G48: 122 | H48: 135 | I48: =_xlfn.XLOOKUP($C48,dim_campaigns!$D$2:$D$3,dim_campaigns!$A$2:$A$3,"",0) -> Diwali | J48: =IFERROR((H48-G48)/G48,0) -> 0.10655738 | K48: =E48*G48+(E48-IF(F48="500 Cashback",500,IF(F48="BOGOF",E48*50%,IF(F48="25% OFF",E48*25%,IF(F48="33% OFF",E48*33%,IF(F48="50% OFF",E48*50%,0))))))*H48 -> 11749 | L48: =VLOOKUP($B48,dim_stores!$A$1:$C$51,2,0) -> Hyderabad
A49: 1f083a | B49: STVJD-0 | C49: CAMP_SAN_01 | D49: P06 | E49: 415 | F49: 25% OFF | G49: 16 | H49: 14 | I49: =_xlfn.XLOOKUP($C49,dim_campaigns!$D$2:$D$3,dim_campaigns!$A$2:$A$3,"",0) -> Sankranti | J49: =IFERROR((H49-G49)/G49,0) -> -0.125 | K49: =E49*G49+(E49-IF(F49="500 Cashback",500,IF(F49="BOGOF",E49*50%,IF(F49="25% OFF",E49*25%,IF(F49="33% OFF",E49*33%,IF(F49="50% OFF",E49*50%,0))))))*H49 -> 10997.5 | L49: =VLOOKUP($B49,dim_stores!$A$1:$C$51,2,0) -> Vijayawada
A50: c1e0b6 | B50: STCHE-6 | C50: CAMP_SAN_01 | D50: P01 | E50: 172 | F50: 33% OFF | G50: 273 | H50: 379 | I50: =_xlfn.XLOOKUP($C50,dim_campaigns!$D$2:$D$3,dim_campaigns!$A$2:$A$3,"",0) -> Sankranti | J50: =IFERROR((H50-G50)/G50,0) -> 0.38827839 | K50: =E50*G50+(E50-IF(F50="500 Cashback",500,IF(F50="BOGOF",E50*50%,IF(F50="25% OFF",E50*25%,IF(F50="33% OFF",E50*33%,IF(F50="50% OFF",E50*50%,0))))))*H50 -> 90631.96 | L50: =VLOOKUP($B50,dim_stores!$A$1:$C$51,2,0) -> Chennai
A51: f60d93 | B51: STCBE-0 | C51: CAMP_DIW_01 | D51: P05 | E51: 55 | F51: 25% OFF | G51: 78 | H51: 75 | I51: =_xlfn.XLOOKUP($C51,dim_campaigns!$D$2:$D$3,dim_campaigns!$A$2:$A$3,"",0) -> Diwali | J51: =IFERROR((H51-G51)/G51,0) -> -0.038461538 | K51: =E51*G51+(E51-IF(F51="500 Cashback",500,IF(F51="BOGOF",E51*50%,IF(F51="25% OFF",E51*25%,IF(F51="33% OFF",E51*33%,IF(F51="50% OFF",E51*50%,0))))))*H51 -> 7383.75 | L51: =VLOOKUP($B51,dim_stores!$A$1:$C$51,2,0) -> Coimbatore
A52: a10402 | B52: STVSK-2 | C52: CAMP_SAN_01 | D52: P02 | E52: 860 | F52: 33% OFF | G52: 295 | H52: 436 | I52: =_xlfn.XLOOKUP($C52,dim_campaigns!$D$2:$D$3,dim_campaigns!$A$2:$A$3,"",0) -> Sankranti | J52: =IFERROR((H52-G52)/G52,0) -> 0.4779661 | K52: =E52*G52+(E52-IF(F52="500 Cashback",500,IF(F52="BOGOF",E52*50%,IF(F52="25% OFF",E52*25%,IF(F52="33% OFF",E52*33%,IF(F52="50% OFF",E52*50%,0))))))*H52 -> 504923.2 | L52: =VLOOKUP($B52,dim_stores!$A$1:$C$51,2,0) -> Visakhapatnam
A53: 741bef | B53: STMYS-0 | C53: CAMP_SAN_01 | D53: P13 | E53: 350 | F53: BOGOF | G53: 114 | H53: 287 | I53: =_xlfn.XLOOKUP($C53,dim_campaigns!$D$2:$D$3,dim_campaigns!$A$2:$A$3,"",0) -> Sankranti | J53: =IFERROR((H53-G53)/G53,0) -> 1.5175439 | K53: =E53*G53+(E53-IF(F53="500 Cashback",500,IF(F53="BOGOF",E53*50%,IF(F53="25% OFF",E53*25%,IF(F53="33% OFF",E53*33%,IF(F53="50% OFF",E53*50%,0))))))*H53 -> 90125 | L53: =VLOOKUP($B53,dim_stores!$A$1:$C$51,2,0) -> Mysuru
A54: 105788 | B54: STCHE-0 | C54: CAMP_SAN_01 | D54: P07 | E54: 300 | F54: BOGOF | G54: 58 | H54: 232 | I54: =_xlfn.XLOOKUP($C54,dim_campaigns!$D$2:$D$3,dim_campaigns!$A$2:$A$3,"",0) -> Sankranti | J54: =IFERROR((H54-G54)/G54,0) -> 3 | K54: =E54*G54+(E54-IF(F54="500 Cashback",500,IF(F54="BOGOF",E54*50%,IF(F54="25% OFF",E54*25%,IF(F54="33% OFF",E54*33%,IF(F54="50% OFF",E54*50%,0))))))*H54 -> 52200 | L54: =VLOOKUP($B54,dim_stores!$A$1:$C$51,2,0) -> Chennai
A55: a85a9a | B55: STHYD-2 | C55: CAMP_SAN_01 | D55: P10 | E55: 50 | F55: 25% OFF | G55: 42 | H55: 31 | I55: =_xlfn.XLOOKUP($C55,dim_campaigns!$D$2:$D$3,dim_campaigns!$A$2:$A$3,"",0) -> Sankranti | J55: =IFERROR((H55-G55)/G55,0) -> -0.26190476 | K55: =E55*G55+(E55-IF(F55="500 Cashback",500,IF(F55="BOGOF",E55*50%,IF(F55="25% OFF",E55*25%,IF(F55="33% OFF",E55*33%,IF(F55="50% OFF",E55*50%,0))))))*H55 -> 3262.5 | L55: =VLOOKUP($B55,dim_stores!$A$1:$C$51,2,0) -> Hyderabad
A56: 4470000 | B56: STVJD-0 | C56: CAMP_SAN_01 | D56: P04 | E56: 370 | F56: BOGOF | G56: 253 | H56: 1017 | I56: =_xlfn.XLOOKUP($C56,dim_campaigns!$D$2:$D$3,dim_campaigns!$A$2:$A$3,"",0) -> Sankranti | J56: =IFERROR((H56-G56)/G56,0) -> 3.0197628 | K56: =E56*G56+(E56-IF(F56="500 Cashback",500,IF(F56="BOGOF",E56*50%,IF(F56="25% OFF",E56*25%,IF(F56="33% OFF",E56*33%,IF(F56="50% OFF",E56*50%,0))))))*H56 -> 281755 | L56: =VLOOKUP($B56,dim_stores!$A$1:$C$51,2,0) -> Vijayawada
A57: 830e9a | B57: STCHE-1 | C57: CAMP_DIW_01 | D57: P01 | E57: 172 | F57: 33% OFF | G57: 325 | H57: 396 | I57: =_xlfn.XLOOKUP($C57,dim_campaigns!$D$2:$D$3,dim_campaigns!$A$2:$A$3,"",0) -> Diwali | J57: =IFERROR((H57-G57)/G57,0) -> 0.21846154 | K57: =E57*G57+(E57-IF(F57="500 Cashback",500,IF(F57="BOGOF",E57*50%,IF(F57="25% OFF",E57*25%,IF(F57="33% OFF",E57*33%,IF(F57="50% OFF",E57*50%,0))))))*H57 -> 101535.04 | L57: =VLOOKUP($B57,dim_stores!$A$1:$C$51,2,0) -> Chennai
A58: 29524a | B58: STBLR-9 | C58: CAMP_SAN_01 | D58: P10 | E58: 50 | F58: 25% OFF | G58: 40 | H58: 36 | I58: =_xlfn.XLOOKUP($C58,dim_campaigns!$D$2:$D$3,dim_campaigns!$A$2:$A$3,"",0) -> Sankranti | J58: =IFERROR((H58-G58)/G58,0) -> -0.1 | K58: =E58*G58+(E58-IF(F58="500 Cashback",500,IF(F58="BOGOF",E58*50%,IF(F58="25% OFF",E58*25%,IF(F58="33% OFF",E58*33%,IF(F58="50% OFF",E58*50%,0))))))*H58 -> 3350 | L58: =VLOOKUP($B58,dim_stores!$A$1:$C$51,2,0) -> Bengaluru
A59: 3ce076 | B59: STMLR-1 | C59: CAMP_DIW_01 | D59: P11 | E59: 190 | F59: 50% OFF | G59: 38 | H59: 50 | I59: =_xlfn.XLOOKUP($C59,dim_campaigns!$D$2:$D$3,dim_campaigns!$A$2:$A$3,"",0) -> Diwali | J59: =IFERROR((H59-G59)/G59,0) -> 0.31578947 | K59: =E59*G59+(E59-IF(F59="500 Cashback",500,IF(F59="BOGOF",E59*50%,IF(F59="25% OFF",E59*25%,IF(F59="33% OFF",E59*33%,IF(F59="50% OFF",E59*50%,0))))))*H59 -> 11970 | L59: =VLOOKUP($B59,dim_stores!$A$1:$C$51,2,0) -> Mangalore
A60: 32fa85 | B60: STCHE-3 | C60: CAMP_DIW_01 | D60: P05 | E60: 55 | F60: 25% OFF | G60: 106 | H60: 92 | I60: =_xlfn.XLOOKUP($C60,dim_campaigns!$D$2:$D$3,dim_campaigns!$A$2:$A$3,"",0) -> Diwali | J60: =IFERROR((H60-G60)/G60,0) -> -0.13207547 | K60: =E60*G60+(E60-IF(F60="500 Cashback",500,IF(F60="BOGOF",E60*50%,IF(F60="25% OFF",E60*25%,IF(F60="33% OFF",E60*33%,IF(F60="50% OFF",E60*50%,0))))))*H60 -> 9625 | L60: =VLOOKUP($B60,dim_stores!$A$1:$C$51,2,0) -> Chennai
A61: 42f304 | B61: STCBE-3 | C61: CAMP_DIW_01 | D61: P06 | E61: 415 | F61: 25% OFF | G61: 66 | H61: 57 | I61: =_xlfn.XLOOKUP($C61,dim_campaigns!$D$2:$D$3,dim_campaigns!$A$2:$A$3,"",0) -> Diwali | J61: =IFERROR((H61-G61)/G61,0) -> -0.13636364 | K61: =E61*G61+(E61-IF(F61="500 Cashback",500,IF(F61="BOGOF",E61*50%,IF(F61="25% OFF",E61*25%,IF(F61="33% OFF",E61*33%,IF(F61="50% OFF",E61*50%,0))))))*H61 -> 45131.25 | L61: =VLOOKUP($B61,dim_stores!$A$1:$C$51,2,0) -> Coimbatore
A62: a929ed | B62: STHYD-5 | C62: CAMP_DIW_01 | D62: P03 | E62: 156 | F62: 25% OFF | G62: 358 | H62: 347 | I62: =_xlfn.XLOOKUP($C62,dim_campaigns!$D$2:$D$3,dim_campaigns!$A$2:$A$3,"",0) -> Diwali | J62: =IFERROR((H62-G62)/G62,0) -> -0.030726257 | K62: =E62*G62+(E62-IF(F62="500 Cashback",500,IF(F62="BOGOF",E62*50%,IF(F62="25% OFF",E62*25%,IF(F62="33% OFF",E62*33%,IF(F62="50% OFF",E62*50%,0))))))*H62 -> 96447 | L62: =VLOOKUP($B62,dim_stores!$A$1:$C$51,2,0) -> Hyderabad
A63: 6dae49 | B63: STBLR-1 | C63: CAMP_DIW_01 | D63: P05 | E63: 55 | F63: 25% OFF | G63: 117 | H63: 114 | I63: =_xlfn.XLOOKUP($C63,dim_campaigns!$D$2:$D$3,dim_campaigns!$A$2:$A$3,"",0) -> Diwali | J63: =IFERROR((H63-G63)/G63,0) -> -0.025641026 | K63: =E63*G63+(E63-IF(F63="500 Cashback",500,IF(F63="BOGOF",E63*50%,IF(F63="25% OFF",E63*25%,IF(F63="33% OFF",E63*33%,IF(F63="50% OFF",E63*50%,0))))))*H63 -> 11137.5 | L63: =VLOOKUP($B63,dim_stores!$A$1:$C$51,2,0) -> Bengaluru
A64: 3b54c7 | B64: STHYD-3 | C64: CAMP_DIW_01 | D64: P04 | E64: 290 | F64: 25% OFF | G64: 367 | H64: 297 | I64: =_xlfn.XLOOKUP($C64,dim_campaigns!$D$2:$D$3,dim_campaigns!$A$2:$A$3,"",0) -> Diwali | J64: =IFERROR((H64-G64)/G64,0) -> -0.19073569 | K64: =E64*G64+(E64-IF(F64="500 Cashback",500,IF(F64="BOGOF",E64*50%,IF(F64="25% OFF",E64*25%,IF(F64="33% OFF",E64*33%,IF(F64="50% OFF",E64*50%,0))))))*H64 -> 171027.5 | L64: =VLOOKUP($B64,dim_stores!$A$1:$C$51,2,0) -> Hyderabad
A65: 7d6e2a | B65: STMLR-0 | C65: CAMP_DIW_01 | D65: P03 | E65: 156 | F65: 25% OFF | G65: 166 | H65: 146 | I65: =_xlfn.XLOOKUP($C65,dim_campaigns!$D$2:$D$3,dim_campaigns!$A$2:$A$3,"",0) -> Diwali | J65: =IFERROR((H65-G65)/G65,0) -> -0.12048193 | K65: =E65*G65+(E65-IF(F65="500 Cashback",500,IF(F65="BOGOF",E65*50%,IF(F65="25% OFF",E65*25%,IF(F65="33% OFF",E65*33%,IF(F65="50% OFF",E65*50%,0))))))*H65 -> 42978 | L65: =VLOOKUP($B65,dim_stores!$A$1:$C$51,2,0) -> Mangalore
A66: c8ce63 | B66: STMDU-0 | C66: CAMP_DIW_01 | D66: P15 | E66: 3000 | F66: 500 Cashback | G66: 369 | H66: 1221 | I66: =_xlfn.XLOOKUP($C66,dim_campaigns!$D$2:$D$3,dim_campaigns!$A$2:$A$3,"",0) -> Diwali | J66: =IFERROR((H66-G66)/G66,0) -> 2.3089431 | K66: =E66*G66+(E66-IF(F66="500 Cashback",500,IF(F66="BOGOF",E66*50%,IF(F66="25% OFF",E66*25%,IF(F66="33% OFF",E66*33%,IF(F66="50% OFF",E66*50%,0))))))*H66 -> 4159500 | L66: =VLOOKUP($B66,dim_stores!$A$1:$C$51,2,0) -> Madurai
A67: bd1314 | B67: STMYS-2 | C67: CAMP_SAN_01 | D67: P05 | E67: 55 | F67: 25% OFF | G67: 37 | H67: 30 | I67: =_xlfn.XLOOKUP($C67,dim_campaigns!$D$2:$D$3,dim_campaigns!$A$2:$A$3,"",0) -> Sankranti | J67: =IFERROR((H67-G67)/G67,0) -> -0.18918919 | K67: =E67*G67+(E67-IF(F67="500 Cashback",500,IF(F67="BOGOF",E67*50%,IF(F67="25% OFF",E67*25%,IF(F67="33% OFF",E67*33%,IF(F67="50% OFF",E67*50%,0))))))*H67 -> 3272.5 | L67: =VLOOKUP($B67,dim_stores!$A$1:$C$51,2,0) -> Mysuru
A68: 7634c0 | B68: STMLR-0 | C68: CAMP_SAN_01 | D68: P10 | E68: 50 | F68: 25% OFF | G68: 15 | H68: 12 | I68: =_xlfn.XLOOKUP($C68,dim_campaigns!$D$2:$D$3,dim_campaigns!$A$2:$A$3,"",0) -> Sankranti | J68: =IFERROR((H68-G68)/G68,0) -> -0.2 | K68: =E68*G68+(E68-IF(F68="500 Cashback",500,IF(F68="BOGOF",E68*50%,IF(F68="25% OFF",E68*25%,IF(F68="33% OFF",E68*33%,IF(F68="50% OFF",E68*50%,0))))))*H68 -> 1200 | L68: =VLOOKUP($B68,dim_stores!$A$1:$C$51,2,0) -> Mangalore
... A74: 1c1cb7 | B74: STHYD-5 | C74: CAMP_SAN_01 | D74: P10 | E74: 50 | F74: 25% OFF | G74: 39 | H74: 35 | I74: =_xlfn.XLOOKUP($C74,dim_campaigns!$D$2:$D$3,dim_campaigns!$A$2:$A$3,"",0) -> Sankranti | J74: =IFERROR((H74-G74)/G74,0) -> -0.1025641 | K74: =E74*G74+(E74-IF(F74="500 Cashback",500,IF(F74="BOGOF",E74*50%,IF(F74="25% OFF",E74*25%,IF(F74="33% OFF",E74*33%,IF(F74="50% OFF",E74*50%,0))))))*H74 -> 3262.5 | L74: =VLOOKUP($B74,dim_stores!$A$1:$C$51,2,0) -> Hyderabad
A75: 8.25e+90 | B75: STBLR-3 | C75: CAMP_DIW_01 | D75: P05 | E75: 55 | F75: 25% OFF | G75: 112 | H75: 88 | I75: =_xlfn.XLOOKUP($C75,dim_campaigns!$D$2:$D$3,dim_campaigns!$A$2:$A$3,"",0) -> Diwali | J75: =IFERROR((H75-G75)/G75,0) -> -0.21428571 | K75: =E75*G75+(E75-IF(F75="500 Cashback",500,IF(F75="BOGOF",E75*50%,IF(F75="25% OFF",E75*25%,IF(F75="33% OFF",E75*33%,IF(F75="50% OFF",E75*50%,0))))))*H75 -> 9790 | L75: =VLOOKUP($B75,dim_stores!$A$1:$C$51,2,0) -> Bengaluru
A76: ad56bd | B76: STMLR-2 | C76: CAMP_DIW_01 | D76: P09 | E76: 110 | F76: 50% OFF | G76: 36 | H76: 37 | I76: =_xlfn.XLOOKUP($C76,dim_campaigns!$D$2:$D$3,dim_campaigns!$A$2:$A$3,"",0) -> Diwali | J76: =IFERROR((H76-G76)/G76,0) -> 0.027777778 | K76: =E76*G76+(E76-IF(F76="500 Cashback",500,IF(F76="BOGOF",E76*50%,IF(F76="25% OFF",E76*25%,IF(F76="33% OFF",E76*33%,IF(F76="50% OFF",E76*50%,0))))))*H76 -> 5995 | L76: =VLOOKUP($B76,dim_stores!$A$1:$C$51,2,0) -> Mangalore
A77: 32efe6 | B77: STVSK-3 | C77: CAMP_SAN_01 | D77: P08 | E77: 1190 | F77: BOGOF | G77: 30 | H77: 81 | I77: =_xlfn.XLOOKUP($C77,dim_campaigns!$D$2:$D$3,dim_campaigns!$A$2:$A$3,"",0) -> Sankranti | J77: =IFERROR((H77-G77)/G77,0) -> 1.7 | K77: =E77*G77+(E77-IF(F77="500 Cashback",500,IF(F77="BOGOF",E77*50%,IF(F77="25% OFF",E77*25%,IF(F77="33% OFF",E77*33%,IF(F77="50% OFF",E77*50%,0))))))*H77 -> 83895 | L77: =VLOOKUP($B77,dim_stores!$A$1:$C$51,2,0) -> Visakhapatnam
A78: eaa64b | B78: STBLR-3 | C78: CAMP_SAN_01 | D78: P09 | E78: 90 | F78: 25% OFF | G78: 58 | H78: 43 | I78: =_xlfn.XLOOKUP($C78,dim_campaigns!$D$2:$D$3,dim_campaigns!$A$2:$A$3,"",0) -> Sankranti | J78: =IFERROR((H78-G78)/G78,0) -> -0.25862069 | K78: =E78*G78+(E78-IF(F78="500 Cashback",500,IF(F78="BOGOF",E78*50%,IF(F78="25% OFF",E78*25%,IF(F78="33% OFF",E78*33%,IF(F78="50% OFF",E78*50%,0))))))*H78 -> 8122.5 | L78: =VLOOKUP($B78,dim_stores!$A$1:$C$51,2,0) -> Bengaluru
A79: 9e82db | B79: STMDU-1 | C79: CAMP_DIW_01 | D79: P05 | E79: 55 | F79: 25% OFF | G79: 92 | H79: 79 | I79: =_xlfn.XLOOKUP($C79,dim_campaigns!$D$2:$D$3,dim_campaigns!$A$2:$A$3,"",0) -> Diwali | J79: =IFERROR((H79-G79)/G79,0) -> -0.14130435 | K79: =E79*G79+(E79-IF(F79="500 Cashback",500,IF(F79="BOGOF",E79*50%,IF(F79="25% OFF",E79*25%,IF(F79="33% OFF",E79*33%,IF(F79="50% OFF",E79*50%,0))))))*H79 -> 8318.75 | L79: =VLOOKUP($B79,dim_stores!$A$1:$C$51,2,0) -> Madurai
A80: d5b8af | B80: STVJD-1 | C80: CAMP_SAN_01 | D80: P11 | E80: 190 | F80: 50% OFF | G80: 25 | H80: 35 | I80: =_xlfn.XLOOKUP($C80,dim_campaigns!$D$2:$D$3,dim_campaigns!$A$2:$A$3,"",0) -> Sankranti | J80: =IFERROR((H80-G80)/G80,0) -> 0.4 | K80: =E80*G80+(E80-IF(F80="500 Cashback",500,IF(F80="BOGOF",E80*50%,IF(F80="25% OFF",E80*25%,IF(F80="33% OFF",E80*33%,IF(F80="50% OFF",E80*50%,0))))))*H80 -> 8075 | L80: =VLOOKUP($B80,dim_stores!$A$1:$C$51,2,0) -> Vijayawada
A81: 6d24bc | B81: STMDU-2 | C81: CAMP_DIW_01 | D81: P03 | E81: 156 | F81: 25% OFF | G81: 206 | H81: 179 | I81: =_xlfn.XLOOKUP($C81,dim_campaigns!$D$2:$D$3,dim_campaigns!$A$2:$A$3,"",0) -> Diwali | J81: =IFERROR((H81-G81)/G81,0) -> -0.13106796 | K81: =E81*G81+(E81-IF(F81="500 Cashback",500,IF(F81="BOGOF",E81*50%,IF(F81="25% OFF",E81*25%,IF(F81="33% OFF",E81*33%,IF(F81="50% OFF",E81*50%,0))))))*H81 -> 53079 | L81: =VLOOKUP($B81,dim_stores!$A$1:$C$51,2,0) -> Madurai
A82: 107747 | B82: STHYD-1 | C82: CAMP_SAN_01 | D82: P02 | E82: 860 | F82: 33% OFF | G82: 488 | H82: 580 | I82: =_xlfn.XLOOKUP($C82,dim_campaigns!$D$2:$D$3,dim_campaigns!$A$2:$A$3,"",0) -> Sankranti | J82: =IFERROR((H82-G82)/G82,0) -> 0.18852459 | K82: =E82*G82+(E82-IF(F82="500 Cashback",500,IF(F82="BOGOF",E82*50%,IF(F82="25% OFF",E82*25%,IF(F82="33% OFF",E82*33%,IF(F82="50% OFF",E82*50%,0))))))*H82 -> 753876 | L82: =VLOOKUP($B82,dim_stores!$A$1:$C$51,2,0) -> Hyderabad
A83: 04da18 | B83: STVSK-4 | C83: CAMP_SAN_01 | D83: P03 | E83: 200 | F83: BOGOF | G83: 223 | H83: 604 | I83: =_xlfn.XLOOKUP($C83,dim_campaigns!$D$2:$D$3,dim_campaigns!$A$2:$A$3,"",0) -> Sankranti | J83: =IFERROR((H83-G83)/G83,0) -> 1.7085202 | K83: =E83*G83+(E83-IF(F83="500 Cashback",500,IF(F83="BOGOF",E83*50%,IF(F83="25% OFF",E83*25%,IF(F83="33% OFF",E83*33%,IF(F83="50% OFF",E83*50%,0))))))*H83 -> 105000 | L83: =VLOOKUP($B83,dim_stores!$A$1:$C$51,2,0) -> Visakhapatnam
A84: 3a3e96 | B84: STBLR-6 | C84: CAMP_DIW_01 | D84: P07 | E84: 300 | F84: BOGOF | G84: 68 | H84: 263 | I84: =_xlfn.XLOOKUP($C84,dim_campaigns!$D$2:$D$3,dim_campaigns!$A$2:$A$3,"",0) -> Diwali | J84: =IFERROR((H84-G84)/G84,0) -> 2.8676471 | K84: =E84*G84+(E84-IF(F84="500 Cashback",500,IF(F84="BOGOF",E84*50%,IF(F84="25% OFF",E84*25%,IF(F84="33% OFF",E84*33%,IF(F84="50% OFF",E84*50%,0))))))*H84 -> 59850 | L84: =VLOOKUP($B84,dim_stores!$A$1:$C$51,2,0) -> Bengaluru
A85: 8f1624 | B85: STVJD-0 | C85: CAMP_DIW_01 | D85: P10 | E85: 65 | F85: 50% OFF | G85: 57 | H85: 75 | I85: =_xlfn.XLOOKUP($C85,dim_campaigns!$D$2:$D$3,dim_campaigns!$A$2:$A$3,"",0) -> Diwali | J85: =IFERROR((H85-G85)/G85,0) -> 0.31578947 | K85: =E85*G85+(E85-IF(F85="500 Cashback",500,IF(F85="BOGOF",E85*50%,IF(F85="25% OFF",E85*25%,IF(F85="33% OFF",E85*33%,IF(F85="50% OFF",E85*50%,0))))))*H85 -> 6142.5 | L85: =VLOOKUP($B85,dim_stores!$A$1:$C$51,2,0) -> Vijayawada
A86: b8269b | B86: STBLR-1 | C86: CAMP_DIW_01 | D86: P13 | E86: 350 | F86: BOGOF | G86: 77 | H86: 232 | I86: =_xlfn.XLOOKUP($C86,dim_campaigns!$D$2:$D$3,dim_campaigns!$A$2:$A$3,"",0) -> Diwali | J86: =IFERROR((H86-G86)/G86,0) -> 2.012987 | K86: =E86*G86+(E86-IF(F86="500 Cashback",500,IF(F86="BOGOF",E86*50%,IF(F86="25% OFF",E86*25%,IF(F86="33% OFF",E86*33%,IF(F86="50% OFF",E86*50%,0))))))*H86 -> 67550 | L86: =VLOOKUP($B86,dim_stores!$A$1:$C$51,2,0) -> Bengaluru
A87: c6ca4d | B87: STHYD-2 | C87: CAMP_SAN_01 | D87: P02 | E87: 860 | F87: 33% OFF | G87: 465 | H87: 646 | I87: =_xlfn.XLOOKUP($C87,dim_campaigns!$D$2:$D$3,dim_campaigns!$A$2:$A$3,"",0) -> Sankranti | J87: =IFERROR((H87-G87)/G87,0) -> 0.38924731 | K87: =E87*G87+(E87-IF(F87="500 Cashback",500,IF(F87="BOGOF",E87*50%,IF(F87="25% OFF",E87*25%,IF(F87="33% OFF",E87*33%,IF(F87="50% OFF",E87*50%,0))))))*H87 -> 772125.2 | L87: =VLOOKUP($B87,dim_stores!$A$1:$C$51,2,0) -> Hyderabad
A88: 987463 | B88: STBLR-0 | C88: CAMP_SAN_01 | D88: P07 | E88: 300 | F88: BOGOF | G88: 45 | H88: 185 | I88: =_xlfn.XLOOKUP($C88,dim_campaigns!$D$2:$D$3,dim_campaigns!$A$2:$A$3,"",0) -> Sankranti | J88: =IFERROR((H88-G88)/G88,0) -> 3.1111111 | K88: =E88*G88+(E88-IF(F88="500 Cashback",500,IF(F88="BOGOF",E88*50%,IF(F88="25% OFF",E88*25%,IF(F88="33% OFF",E88*33%,IF(F88="50% OFF",E88*50%,0))))))*H88 -> 41250 | L88: =VLOOKUP($B88,dim_stores!$A$1:$C$51,2,0) -> Bengaluru
A89: 0b51fe | B89: STHYD-3 | C89: CAMP_SAN_01 | D89: P10 | E89: 50 | F89: 25% OFF | G89: 39 | H89: 29 | I89: =_xlfn.XLOOKUP($C89,dim_campaigns!$D$2:$D$3,dim_campaigns!$A$2:$A$3,"",0) -> Sankranti | J89: =IFERROR((H89-G89)/G89,0) -> -0.25641026 | K89: =E89*G89+(E89-IF(F89="500 Cashback",500,IF(F89="BOGOF",E89*50%,IF(F89="25% OFF",E89*25%,IF(F89="33% OFF",E89*33%,IF(F89="50% OFF",E89*50%,0))))))*H89 -> 3037.5 | L89: =VLOOKUP($B89,dim_stores!$A$1:$C$51,2,0) -> Hyderabad
A90: d1ceaf | B90: STBLR-5 | C90: CAMP_SAN_01 | D90: P10 | E90: 50 | F90: 25% OFF | G90: 36 | H90: 29 | I90: =_xlfn.XLOOKUP($C90,dim_campaigns!$D$2:$D$3,dim_campaigns!$A$2:$A$3,"",0) -> Sankranti | J90: =IFERROR((H90-G90)/G90,0) -> -0.19444444 | K90: =E90*G90+(E90-IF(F90="500 Cashback",500,IF(F90="BOGOF",E90*50%,IF(F90="25% OFF",E90*25%,IF(F90="33% OFF",E90*33%,IF(F90="50% OFF",E90*50%,0))))))*H90 -> 2887.5 | L90: =VLOOKUP($B90,dim_stores!$A$1:$C$51,2,0) -> Bengaluru
A91: d834f0 | B91: STMYS-3 | C91: CAMP_SAN_01 | D91: P08 | E91: 1190 | F91: BOGOF | G91: 34 | H91: 147 | I91: =_xlfn.XLOOKUP($C91,dim_campaigns!$D$2:$D$3,dim_campaigns!$A$2:$A$3,"",0) -> Sankranti | J91: =IFERROR((H91-G91)/G91,0) -> 3.3235294 | K91: =E91*G91+(E91-IF(F91="500 Cashback",500,IF(F91="BOGOF",E91*50%,IF(F91="25% OFF",E91*25%,IF(F91="33% OFF",E91*33%,IF(F91="50% OFF",E91*50%,0))))))*H91 -> 127925 | L91: =VLOOKUP($B91,dim_stores!$A$1:$C$51,2,0) -> Mysuru
A92: 1ed982 | B92: STCHE-6 | C92: CAMP_DIW_01 | D92: P13 | E92: 350 | F92: BOGOF | G92: 75 | H92: 252 | I92: =_xlfn.XLOOKUP($C92,dim_campaigns!$D$2:$D$3,dim_campaigns!$A$2:$A$3,"",0) -> Diwali | J92: =IFERROR((H92-G92)/G92,0) -> 2.36 | K92: =E92*G92+(E92-IF(F92="500 Cashback",500,IF(F92="BOGOF",E92*50%,IF(F92="25% OFF",E92*25%,IF(F92="33% OFF",E92*33%,IF(F92="50% OFF",E92*50%,0))))))*H92 -> 70350 | L92: =VLOOKUP($B92,dim_stores!$A$1:$C$51,2,0) -> Chennai
A93: e9c690 | B93: STMDU-3 | C93: CAMP_SAN_01 | D93: P09 | E93: 90 | F93: 25% OFF | G93: 45 | H93: 38 | I93: =_xlfn.XLOOKUP($C93,dim_campaigns!$D$2:$D$3,dim_campaigns!$A$2:$A$3,"",0) -> Sankranti | J93: =IFERROR((H93-G93)/G93,0) -> -0.15555556 | K93: =E93*G93+(E93-IF(F93="500 Cashback",500,IF(F93="BOGOF",E93*50%,IF(F93="25% OFF",E93*25%,IF(F93="33% OFF",E93*33%,IF(F93="50% OFF",E93*50%,0))))))*H93 -> 6615 | L93: =VLOOKUP($B93,dim_stores!$A$1:$C$51,2,0) -> Madurai
A94: 268ca2 | B94: STVJD-0 | C94: CAMP_SAN_01 | D94: P15 | E94: 3000 | F94: 500 Cashback | G94: 63 | H94: 151 | I94: =_xlfn.XLOOKUP($C94,dim_campaigns!$D$2:$D$3,dim_campaigns!$A$2:$A$3,"",0) -> Sankranti | J94: =IFERROR((H94-G94)/G94,0) -> 1.3968254 | K94: =E94*G94+(E94-IF(F94="500 Cashback",500,IF(F94="BOGOF",E94*50%,IF(F94="25% OFF",E94*25%,IF(F94="33% OFF",E94*33%,IF(F94="50% OFF",E94*50%,0))))))*H94 -> 566500 | L94: =VLOOKUP($B94,dim_stores!$A$1:$C$51,2,0) -> Vijayawada
A95: a1624e | B95: STHYD-1 | C95: CAMP_DIW_01 | D95: P02 | E95: 860 | F95: 33% OFF | G95: 351 | H95: 449 | I95: =_xlfn.XLOOKUP($C95,dim_campaigns!$D$2:$D$3,dim_campaigns!$A$2:$A$3,"",0) -> Diwali | J95: =IFERROR((H95-G95)/G95,0) -> 0.27920228 | K95: =E95*G95+(E95-IF(F95="500 Cashback",500,IF(F95="BOGOF",E95*50%,IF(F95="25% OFF",E95*25%,IF(F95="33% OFF",E95*33%,IF(F95="50% OFF",E95*50%,0))))))*H95 -> 560573.8 | L95: =VLOOKUP($B95,dim_stores!$A$1:$C$51,2,0) -> Hyderabad
A96: 31b59d | B96: STVSK-3 | C96: CAMP_SAN_01 | D96: P10 | E96: 50 | F96: 25% OFF | G96: 27 | H96: 21 | I96: =_xlfn.XLOOKUP($C96,dim_campaigns!$D$2:$D$3,dim_campaigns!$A$2:$A$3,"",0) -> Sankranti | J96: =IFERROR((H96-G96)/G96,0) -> -0.22222222 | K96: =E96*G96+(E96-IF(F96="500 Cashback",500,IF(F96="BOGOF",E96*50%,IF(F96="25% OFF",E96*25%,IF(F96="33% OFF",E96*33%,IF(F96="50% OFF",E96*50%,0))))))*H96 -> 2137.5 | L96: =VLOOKUP($B96,dim_stores!$A$1:$C$51,2,0) -> Visakhapatnam
A97: 82454e | B97: STMLR-1 | C97: CAMP_DIW_01 | D97: P05 | E97: 55 | F97: 25% OFF | G97: 54 | H97: 48 | I97: =_xlfn.XLOOKUP($C97,dim_campaigns!$D$2:$D$3,dim_campaigns!$A$2:$A$3,"",0) -> Diwali | J97: =IFERROR((H97-G97)/G97,0) -> -0.11111111 | K97: =E97*G97+(E97-IF(F97="500 Cashback",500,IF(F97="BOGOF",E97*50%,IF(F97="25% OFF",E97*25%,IF(F97="33% OFF",E97*33%,IF(F97="50% OFF",E97*50%,0))))))*H97 -> 4950 | L97: =VLOOKUP($B97,dim_stores!$A$1:$C$51,2,0) -> Mangalore
A98: 1548f8 | B98: STVSK-4 | C98: CAMP_SAN_01 | D98: P15 | E98: 3000 | F98: 500 Cashback | G98: 100 | H98: 175 | I98: =_xlfn.XLOOKUP($C98,dim_campaigns!$D$2:$D$3,dim_campaigns!$A$2:$A$3,"",0) -> Sankranti | J98: =IFERROR((H98-G98)/G98,0) -> 0.75 | K98: =E98*G98+(E98-IF(F98="500 Cashback",500,IF(F98="BOGOF",E98*50%,IF(F98="25% OFF",E98*25%,IF(F98="33% OFF",E98*33%,IF(F98="50% OFF",E98*50%,0))))))*H98 -> 737500 | L98: =VLOOKUP($B98,dim_stores!$A$1:$C$51,2,0) -> Visakhapatnam
A99: 84a2f4 | B99: STCHE-7 | C99: CAMP_SAN_01 | D99: P04 | E99: 370 | F99: BOGOF | G99: 423 | H99: 1801 | I99: =_xlfn.XLOOKUP($C99,dim_campaigns!$D$2:$D$3,dim_campaigns!$A$2:$A$3,"",0) -> Sankranti | J99: =IFERROR((H99-G99)/G99,0) -> 3.2576832 | K99: =E99*G99+(E99-IF(F99="500 Cashback",500,IF(F99="BOGOF",E99*50%,IF(F99="25% OFF",E99*25%,IF(F99="33% OFF",E99*33%,IF(F99="50% OFF",E99*50%,0))))))*H99 -> 489695 | L99: =VLOOKUP($B99,dim_stores!$A$1:$C$51,2,0) -> Chennai
A100: 9e59d5 | B100: STVSK-1 | C100: CAMP_DIW_01 | D100: P05 | E100: 55 | F100: 25% OFF | G100: 64 | H100: 49 | I100: =_xlfn.XLOOKUP($C100,dim_campaigns!$D$2:$D$3,dim_campaigns!$A$2:$A$3,"",0) -> Diwali | J100: =IFERROR((H100-G100)/G100,0) -> -0.234375 | K100: =E100*G100+(E100-IF(F100="500 Cashback",500,IF(F100="BOGOF",E100*50%,IF(F100="25% OFF",E100*25%,IF(F100="33% OFF",E100*33%,IF(F100="50% OFF",E100*50%,0))))))*H100 -> 5541.25 | L100: =VLOOKUP($B100,dim_stores!$A$1:$C$51,2,0) -> Visakhapatnam
A101: 873333 | B101: STMLR-0 | C101: CAMP_DIW_01 | D101: P15 | E101: 3000 | F101: 500 Cashback | G101: 196 | H101: 509 | I101: =_xlfn.XLOOKUP($C101,dim_campaigns!$D$2:$D$3,dim_campaigns!$A$2:$A$3,"",0) -> Diwali | J101: =IFERROR((H101-G101)/G101,0) -> 1.5969388 | K101: =E101*G101+(E101-IF(F101="500 Cashback",500,IF(F101="BOGOF",E101*50%,IF(F101="25% OFF",E101*25%,IF(F101="33% OFF",E101*33%,IF(F101="50% OFF",E101*50%,0))))))*H101 -> 1860500 | L101: =VLOOKUP($B101,dim_stores!$A$1:$C$51,2,0) -> Mangalore
A102: 8b751b | B102: STMLR-0 | C102: CAMP_SAN_01 | D102: P05 | E102: 55 | F102: 25% OFF | G102: 15 | H102: 12 | I102: =_xlfn.XLOOKUP($C102,dim_campaigns!$D$2:$D$3,dim_campaigns!$A$2:$A$3,"",0) -> Sankranti | J102: =IFERROR((H102-G102)/G102,0) -> -0.2 | K102: =E102*G102+(E102-IF(F102="500 Cashback",500,IF(F102="BOGOF",E102*50%,IF(F102="25% OFF",E102*25%,IF(F102="33% OFF",E102*33%,IF(F102="50% OFF",E102*50%,0))))))*H102 -> 1320 | L102: =VLOOKUP($B102,dim_stores!$A$1:$C$51,2,0) -> Mangalore
A103: f856b9 | B103: STMLR-2 | C103: CAMP_SAN_01 | D103: P15 | E103: 3000 | F103: 500 Cashback | G103: 66 | H103: 147 | I103: =_xlfn.XLOOKUP($C103,dim_campaigns!$D$2:$D$3,dim_campaigns!$A$2:$A$3,"",0) -> Sankranti | J103: =IFERROR((H103-G103)/G103,0) -> 1.2272727 | K103: =E103*G103+(E103-IF(F103="500 Cashback",500,IF(F103="BOGOF",E103*50%,IF(F103="25% OFF",E103*25%,IF(F103="33% OFF",E103*33%,IF(F103="50% OFF",E103*50%,0))))))*H103 -> 565500 | L103: =VLOOKUP($B103,dim_stores!$A$1:$C$51,2,0) -> Mangalore
A104: dcaa89 | B104: STHYD-6 | C104: CAMP_SAN_01 | D104: P13 | E104: 350 | F104: BOGOF | G104: 100 | H104: 403 | I104: =_xlfn.XLOOKUP($C104,dim_campaigns!$D$2:$D$3,dim_campaigns!$A$2:$A$3,"",0) -> Sankranti | J104: =IFERROR((H104-G104)/G104,0) -> 3.03 | K104: =E104*G104+(E104-IF(F104="500 Cashback",500,IF(F104="BOGOF",E104*50%,IF(F104="25% OFF",E104*25%,IF(F104="33% OFF",E104*33%,IF(F104="50% OFF",E104*50%,0))))))*H104 -> 105525 | L104: =VLOOKUP($B104,dim_stores!$A$1:$C$51,2,0) -> Hyderabad
A105: 677e2c | B105: STHYD-1 | C105: CAMP_SAN_01 | D105: P13 | E105: 350 | F105: BOGOF | G105: 122 | H105: 326 | I105: =_xlfn.XLOOKUP($C105,dim_campaigns!$D$2:$D$3,dim_campaigns!$A$2:$A$3,"",0) -> Sankranti | J105: =IFERROR((H105-G105)/G105,0) -> 1.6721311 | K105: =E105*G105+(E105-IF(F105="500 Cashback",500,IF(F105="BOGOF",E105*50%,IF(F105="25% OFF",E105*25%,IF(F105="33% OFF",E105*33%,IF(F105="50% OFF",E105*50%,0))))))*H105 -> 99750 | L105: =VLOOKUP($B105,dim_stores!$A$1:$C$51,2,0) -> Hyderabad
A106: b00eeb | B106: STCHE-0 | C106: CAMP_SAN_01 | D106: P08 | E106: 1190 | F106: BOGOF | G106: 51 | H106: 196 | I106: =_xlfn.XLOOKUP($C106,dim_campaigns!$D$2:$D$3,dim_campaigns!$A$2:$A$3,"",0) -> Sankranti | J106: =IFERROR((H106-G106)/G106,0) -> 2.8431373 | K106: =E106*G106+(E106-IF(F106="500 Cashback",500,IF(F106="BOGOF",E106*50%,IF(F106="25% OFF",E106*25%,IF(F106="33% OFF",E106*33%,IF(F106="50% OFF",E106*50%,0))))))*H106 -> 177310 | L106: =VLOOKUP($B106,dim_stores!$A$1:$C$51,2,0) -> Chennai
A107: 8ff468 | B107: STVJD-0 | C107: CAMP_SAN_01 | D107: P03 | E107: 200 | F107: BOGOF | G107: 193 | H107: 773 | I107: =_xlfn.XLOOKUP($C107,dim_campaigns!$D$2:$D$3,dim_campaigns!$A$2:$A$3,"",0) -> Sankranti | J107: =IFERROR((H107-G107)/G107,0) -> 3.0051813 | K107: =E107*G107+(E107-IF(F107="500 Cashback",500,IF(F107="BOGOF",E107*50%,IF(F107="25% OFF",E107*25%,IF(F107="33% OFF",E107*33%,IF(F107="50% OFF",E107*50%,0))))))*H107 -> 115900 | L107: =VLOOKUP($B107,dim_stores!$A$1:$C$51,2,0) -> Vijayawada
A108: 72f6b4 | B108: STTRV-0 | C108: CAMP_SAN_01 | D108: P02 | E108: 860 | F108: 33% OFF | G108: 241 | H108: 344 | I108: =_xlfn.XLOOKUP($C108,dim_campaigns!$D$2:$D$3,dim_campaigns!$A$2:$A$3,"",0) -> Sankranti | J108: =IFERROR((H108-G108)/G108,0) -> 0.42738589 | K108: =E108*G108+(E108-IF(F108="500 Cashback",500,IF(F108="BOGOF",E108*50%,IF(F108="25% OFF",E108*25%,IF(F108="33% OFF",E108*33%,IF(F108="50% OFF",E108*50%,0))))))*H108 -> 405472.8 | L108: =VLOOKUP($B108,dim_stores!$A$1:$C$51,2,0) -> Trivandrum
A109: 300664 | B109: STHYD-5 | C109: CAMP_DIW_01 | D109: P13 | E109: 350 | F109: BOGOF | G109: 80 | H109: 276 | I109: =_xlfn.XLOOKUP($C109,dim_campaigns!$D$2:$D$3,dim_campaigns!$A$2:$A$3,"",0) -> Diwali | J109: =IFERROR((H109-G109)/G109,0) -> 2.45 | K109: =E109*G109+(E109-IF(F109="500 Cashback",500,IF(F109="BOGOF",E109*50%,IF(F109="25% OFF",E109*25%,IF(F109="33% OFF",E109*33%,IF(F109="50% OFF",E109*50%,0))))))*H109 -> 76300 | L109: =VLOOKUP($B109,dim_stores!$A$1:$C$51,2,0) -> Hyderabad
A110: 7ecbbb | B110: STHYD-1 | C110: CAMP_DIW_01 | D110: P06 | E110: 415 | F110: 25% OFF | G110: 103 | H110: 88 | I110: =_xlfn.XLOOKUP($C110,dim_campaigns!$D$2:$D$3,dim_campaigns!$A$2:$A$3,"",0) -> Diwali | J110: =IFERROR((H110-G110)/G110,0) -> -0.14563107 | K110: =E110*G110+(E110-IF(F110="500 Cashback",500,IF(F110="BOGOF",E110*50%,IF(F110="25% OFF",E110*25%,IF(F110="33% OFF",E110*33%,IF(F110="50% OFF",E110*50%,0))))))*H110 -> 70135 | L110: =VLOOKUP($B110,dim_stores!$A$1:$C$51,2,0) -> Hyderabad
A111: 2dc515 | B111: STMYS-3 | C111: CAMP_SAN_01 | D111: P01 | E111: 172 | F111: 33% OFF | G111: 232 | H111: 294 | I111: =_xlfn.XLOOKUP($C111,dim_campaigns!$D$2:$D$3,dim_campaigns!$A$2:$A$3,"",0) -> Sankranti | J111: =IFERROR((H111-G111)/G111,0) -> 0.26724138 | K111: =E111*G111+(E111-IF(F111="500 Cashback",500,IF(F111="BOGOF",E111*50%,IF(F111="25% OFF",E111*25%,IF(F111="33% OFF",E111*33%,IF(F111="50% OFF",E111*50%,0))))))*H111 -> 73784.56 | L111: =VLOOKUP($B111,dim_stores!$A$1:$C$51,2,0) -> Mysuru
A112: a4fb0b | B112: STMDU-0 | C112: CAMP_SAN_01 | D112: P02 | E112: 860 | F112: 33% OFF | G112: 318 | H112: 448 | I112: =_xlfn.XLOOKUP($C112,dim_campaigns!$D$2:$D$3,dim_campaigns!$A$2:$A$3,"",0) -> Sankranti | J112: =IFERROR((H112-G112)/G112,0) -> 0.40880503 | K112: =E112*G112+(E112-IF(F112="500 Cashback",500,IF(F112="BOGOF",E112*50%,IF(F112="25% OFF",E112*25%,IF(F112="33% OFF",E112*33%,IF(F112="50% OFF",E112*50%,0))))))*H112 -> 531617.6 | L112: =VLOOKUP($B112,dim_stores!$A$1:$C$51,2,0) -> Madurai
A113: f2d198 | B113: STTRV-1 | C113: CAMP_DIW_01 | D113: P03 | E113: 156 | F113: 25% OFF | G113: 166 | H113: 157 | I113: =_xlfn.XLOOKUP($C113,dim_campaigns!$D$2:$D$3,dim_campaigns!$A$2:$A$3,"",0) -> Diwali | J113: =IFERROR((H113-G113)/G113,0) -> -0.054216867 | K113: =E113*G113+(E113-IF(F113="500 Cashback",500,IF(F113="BOGOF",E113*50%,IF(F113="25% OFF",E113*25%,IF(F113="33% OFF",E113*33%,IF(F113="50% OFF",E113*50%,0))))))*H113 -> 44265 | L113: =VLOOKUP($B113,dim_stores!$A$1:$C$51,2,0) -> Trivandrum
A114: df5c15 | B114: STBLR-5 | C114: CAMP_DIW_01 | D114: P06 | E114: 415 | F114: 25% OFF | G114: 101 | H114: 90 | I114: =_xlfn.XLOOKUP($C114,dim_campaigns!$D$2:$D$3,dim_campaigns!$A$2:$A$3,"",0) -> Diwali | J114: =IFERROR((H114-G114)/G114,0) -> -0.10891089 | K114: =E114*G114+(E114-IF(F114="500 Cashback",500,IF(F114="BOGOF",E114*50%,IF(F114="25% OFF",E114*25%,IF(F114="33% OFF",E114*33%,IF(F114="50% OFF",E114*50%,0))))))*H114 -> 69927.5 | L114: =VLOOKUP($B114,dim_stores!$A$1:$C$51,2,0) -> Bengaluru
A115: 4e6a19 | B115: STHYD-3 | C115: CAMP_SAN_01 | D115: P07 | E115: 300 | F115: BOGOF | G115: 45 | H115: 121 | I115: =_xlfn.XLOOKUP($C115,dim_campaigns!$D$2:$D$3,dim_campaigns!$A$2:$A$3,"",0) -> Sankranti | J115: =IFERROR((H115-G115)/G115,0) -> 1.6888889 | K115: =E115*G115+(E115-IF(F115="500 Cashback",500,IF(F115="BOGOF",E115*50%,IF(F115="25% OFF",E115*25%,IF(F115="33% OFF",E115*33%,IF(F115="50% OFF",E115*50%,0))))))*H115 -> 31650 | L115: =VLOOKUP($B115,dim_stores!$A$1:$C$51,2,0) -> Hyderabad
...

Sheet dim_stores
A1: store_id | B1: city | C1: Total Sales Amount
A2: STTRV-0 | B2: Trivandrum | C2: =SUMIF(fact_events!$B$2:$B$1501,A2,fact_events!$K$2:$K$1501) -> 4585941.4
A3: STMDU-3 | B3: Madurai | C3: =SUMIF(fact_events!$B$2:$B$1501,A3,fact_events!$K$2:$K$1501) -> 7484175.7
A4: STHYD-6 | B4: Hyderabad | C4: =SUMIF(fact_events!$B$2:$B$1501,A4,fact_events!$K$2:$K$1501) -> 8863318.2
A5: STVSK-1 | B5: Visakhapatnam | C5: =SUMIF(fact_events!$B$2:$B$1501,A5,fact_events!$K$2:$K$1501) -> 6619042.1
A6: STCBE-3 | B6: Coimbatore | C6: =SUMIF(fact_events!$B$2:$B$1501,A6,fact_events!$K$2:$K$1501) -> 6196168.4
A7: STBLR-8 | B7: Bengaluru | C7: =SUMIF(fact_events!$B$2:$B$1501,A7,fact_events!$K$2:$K$1501) -> 9480657.7
A8: STBLR-2 | B8: Bengaluru | C8: =SUMIF(fact_events!$B$2:$B$1501,A8,fact_events!$K$2:$K$1501) -> 8020512.8
A9: STCHE-7 | B9: Chennai | C9: =SUMIF(fact_events!$B$2:$B$1501,A9,fact_events!$K$2:$K$1501) -> 9854530.7
A10: STCBE-0 | B10: Coimbatore | C10: =SUMIF(fact_events!$B$2:$B$1501,A10,fact_events!$K$2:$K$1501) -> 7467733.7
A11: STVSK-0 | B11: Visakhapatnam | C11: =SUMIF(fact_events!$B$2:$B$1501,A11,fact_events!$K$2:$K$1501) -> 6210845.2
A12: STCHE-5 | B12: Chennai | C12: =SUMIF(fact_events!$B$2:$B$1501,A12,fact_events!$K$2:$K$1501) -> 9075445.7
A13: STHYD-5 | B13: Hyderabad | C13: =SUMIF(fact_events!$B$2:$B$1501,A13,fact_events!$K$2:$K$1501) -> 8576997.8
... A51: STMYS-1 | B51: Mysuru | C51: =SUMIF(fact_events!$B$2:$B$1501,A51,fact_events!$K$2:$K$1501) -> 10712670

Sheet dim_products
A1: product_code | B1: product_name | C1: category | D1: Total Quantity
A2: P01 | B2: Atliq_Masoor_Dal (1KG) | C2: Grocery & Staples | D2: =SUMIF(fact_events!$D$2:$D$1501,A2,fact_events!$G$2:$G$1501)+SUMIF(fact_events!$D$2:$D$1501,A2,fact_events!$H$2:$H$1501) -> 63381
A3: P02 | B3: Atliq_Sonamasuri_Rice (10KG) | C3: Grocery & Staples | D3: =SUMIF(fact_events!$D$2:$D$1501,A3,fact_events!$G$2:$G$1501)+SUMIF(fact_events!$D$2:$D$1501,A3,fact_events!$H$2:$H$1501) -> 90516
A4: P03 | B4: Atliq_Suflower_Oil (1L) | C4: Grocery & Staples | D4: =SUMIF(fact_events!$D$2:$D$1501,A4,fact_events!$G$2:$G$1501)+SUMIF(fact_events!$D$2:$D$1501,A4,fact_events!$H$2:$H$1501) -> 105787
A5: P04 | B5: Atliq_Farm_Chakki_Atta (1KG) | C5: Grocery & Staples | D5: =SUMIF(fact_events!$D$2:$D$1501,A5,fact_events!$G$2:$G$1501)+SUMIF(fact_events!$D$2:$D$1501,A5,fact_events!$H$2:$H$1501) -> 113630
A6: P05 | B6: Atliq_Scrub_Sponge_For_Dishwash | C6: Home Care | D6: =SUMIF(fact_events!$D$2:$D$1501,A6,fact_events!$G$2:$G$1501)+SUMIF(fact_events!$D$2:$D$1501,A6,fact_events!$H$2:$H$1501) -> 10747
A7: P06 | B7: Atliq_Fusion_Container_Set_of_3 | C7: Home Care | D7: =SUMIF(fact_events!$D$2:$D$1501,A7,fact_events!$G$2:$G$1501)+SUMIF(fact_events!$D$2:$D$1501,A7,fact_events!$H$2:$H$1501) -> 9679
A8: P09 | B8: Atliq_Body_Milk_Nourishing_Lotion (120ML) | C8: Personal Care | D8: =SUMIF(fact_events!$D$2:$D$1501,A8,fact_events!$G$2:$G$1501)+SUMIF(fact_events!$D$2:$D$1501,A8,fact_events!$H$2:$H$1501) -> 12454
A9: P10 | B9: Atliq_Cream_Beauty_Bathing_Soap (125GM) | C9: Personal Care | D9: =SUMIF(fact_events!$D$2:$D$1501,A9,fact_events!$G$2:$G$1501)+SUMIF(fact_events!$D$2:$D$1501,A9,fact_events!$H$2:$H$1501) -> 14077
A10: P13 | B10: Atliq_High_Glo_15W_LED_Bulb | C10: Home Appliances | D10: =SUMIF(fact_events!$D$2:$D$1501,A10,fact_events!$G$2:$G$1501)+SUMIF(fact_events!$D$2:$D$1501,A10,fact_events!$H$2:$H$1501) -> 38173
A11: P14 | B11: Atliq_waterproof_Immersion_Rod | C11: Home Appliances | D11: =SUMIF(fact_events!$D$2:$D$1501,A11,fact_events!$G$2:$G$1501)+SUMIF(fact_events!$D$2:$D$1501,A11,fact_events!$H$2:$H$1501) -> 30153
A12: P11 | B12: Atliq_Doodh_Kesar_Body_Lotion (200ML) | C12: Personal Care | D12: =SUMIF(fact_events!$D$2:$D$1501,A12,fact_events!$G$2:$G$1501)+SUMIF(fact_events!$D$2:$D$1501,A12,fact_events!$H$2:$H$1501) -> 12279
A13: P12 | B13: Atliq_Lime_Cool_Bathing_Bar (125GM) | C13: Personal Care | D13: =SUMIF(fact_events!$D$2:$D$1501,A13,fact_events!$G$2:$G$1501)+SUMIF(fact_events!$D$2:$D$1501,A13,fact_events!$H$2:$H$1501) -> 17998
... A16: P15 | B16: Atliq_Home_Essential_8_Product_Combo | C16: Combo1 | D16: =SUMIF(fact_events!$D$2:$D$1501,A16,fact_events!$G$2:$G$1501)+SUMIF(fact_events!$D$2:$D$1501,A16,fact_events!$H$2:$H$1501) -> 85479

Sheet dim_campaigns
A1: campaign_name | B1: start_date | C1: end_date | D1: campaign_id
A2: Diwali | B2: 45271 | C2: 18-11-2023 | D2: CAMP_DIW_01
A3: Sankranti | B3: 45566 | C3: 16-01-2024 | D3: CAMP_SAN_01
